checkpoint,probabilities,benchmark,n,accuracy,ece15,brier_summed,nll,temperature
0,raw,WinoGrande,1000,0.731,0.05107747263656514,0.3225838058461358,0.4834691729529628,1
0,fitted,WinoGrande,1000,0.731,0.045686749906420736,0.320409668374974,0.4815423483879483,1.273257865016053
50,raw,WinoGrande,1000,0.818,0.04602983642868217,0.25256683341035696,0.46824374685601894,1
50,fitted,WinoGrande,1000,0.818,0.06159591805834803,0.2582319194689214,0.40604669820303857,2.3839924475693497
100,raw,WinoGrande,1000,0.822,0.07970393263689601,0.2515205664134277,0.44194376816243713,1
100,fitted,WinoGrande,1000,0.822,0.045786891905123195,0.24442800272648232,0.3884209447810758,2.0155883330892665
150,raw,WinoGrande,1000,0.836,0.07903958395542557,0.2405394856836193,0.46082518578016674,1
150,fitted,WinoGrande,1000,0.836,0.025778563833593695,0.2285309995935759,0.37099420222431767,2.178979953207672
200,raw,WinoGrande,1000,0.833,0.08258077156414582,0.24098827287733518,0.46505626597266647,1
200,fitted,WinoGrande,1000,0.833,0.027837448311200094,0.22764334362237854,0.3695636266620467,2.207568021892729
250,raw,WinoGrande,1000,0.84,0.07112461172706878,0.235780678788818,0.4310148205488794,1
250,fitted,WinoGrande,1000,0.84,0.025162262523204436,0.22645405699179627,0.36648030767785217,2.000758882328426
286,raw,WinoGrande,1000,0.838,0.07305326848575791,0.23715654793549823,0.4466635591782183,1
286,fitted,WinoGrande,1000,0.838,0.025762239793189725,0.22617821427135154,0.3673800163891342,2.0659711424646567
Jev,native,WinoGrande,1000,0.907,0.03018000000000003,0.13947120000000002,0.3865116352668403,
0,raw,Financial PhraseBank,999,0.7567567567567568,0.10986708749136277,0.35993979153397637,0.6710524653362631,1
0,fitted,Financial PhraseBank,999,0.7567567567567568,0.08736885531191985,0.3463601088473037,0.6119437026756008,1.273257865016053
50,raw,Financial PhraseBank,999,0.8118118118118118,0.10691237380734225,0.29766201943619186,0.6095282988074303,1
50,fitted,Financial PhraseBank,999,0.8118118118118118,0.03135272969359834,0.27224442268061094,0.46429921580920347,2.3839924475693497
100,raw,Financial PhraseBank,999,0.8038038038038038,0.08341179844053073,0.2874622514708179,0.47298366546235354,1
100,fitted,Financial PhraseBank,999,0.8038038038038038,0.026479814771298574,0.26857584006489904,0.427075121613603,2.0155883330892665
150,raw,Financial PhraseBank,999,0.8178178178178178,0.1044560106257515,0.2822991862930877,0.5248869140874413,1
150,fitted,Financial PhraseBank,999,0.8178178178178178,0.019336747984456327,0.2518277370767914,0.4068224674339897,2.178979953207672
200,raw,Financial PhraseBank,999,0.8418418418418419,0.07893921466458544,0.23290539861925863,0.4128197697701344,1
200,fitted,Financial PhraseBank,999,0.8418418418418419,0.02179500302658448,0.2163526373571744,0.35597397493809924,2.207568021892729
250,raw,Financial PhraseBank,999,0.8498498498498499,0.06757745214368653,0.22016459460292548,0.3716704660492571,1
250,fitted,Financial PhraseBank,999,0.8498498498498499,0.044118655694072965,0.21302350966399472,0.3522345389593862,2.000758882328426
286,raw,Financial PhraseBank,999,0.8398398398398398,0.07426170718949279,0.2332092620555425,0.3984773938456753,1
286,fitted,Financial PhraseBank,999,0.8398398398398398,0.02558967487954226,0.22063573710381326,0.36081932333046074,2.0659711424646567
Jev,native,Financial PhraseBank,999,0.7697697697697697,0.11299986855542413,0.33760086024193764,0.8510735372836535,
0,raw,RAGTruth,1500,0.6213333333333333,0.18356974132635304,0.5665710831668932,0.9243407705487563,1
0,fitted,RAGTruth,1500,0.6213333333333333,0.16677614962615753,0.5447766948788539,0.8279149184489952,1.273257865016053
50,raw,RAGTruth,1500,0.854,0.05246000977838973,0.22770298393020597,0.443416366512776,1
50,fitted,RAGTruth,1500,0.854,0.09327967248625543,0.24545098571818078,0.40518945682250757,2.3839924475693497
100,raw,RAGTruth,1500,0.888,0.02582758978916074,0.17345002760061334,0.29939779187695315,1
100,fitted,RAGTruth,1500,0.888,0.08730401018778386,0.1895505817767929,0.3284485681649666,2.0155883330892665
150,raw,RAGTruth,1500,0.8866666666666667,0.04883761131978545,0.17759071578364102,0.3176925109664577,1
150,fitted,RAGTruth,1500,0.8866666666666667,0.05624686790499083,0.1785703561090022,0.3046631840892508,2.178979953207672
200,raw,RAGTruth,1500,0.8893333333333333,0.0358698733721102,0.1697207937783494,0.2986316631709253,1
200,fitted,RAGTruth,1500,0.8893333333333333,0.07254481688390743,0.17919458577827488,0.30951965012522437,2.207568021892729
250,raw,RAGTruth,1500,0.876,0.02995777392482621,0.19002420916636792,0.3289500229917989,1
250,fitted,RAGTruth,1500,0.876,0.07779901737666087,0.20280780652097738,0.3444497011260501,2.000758882328426
286,raw,RAGTruth,1500,0.8786666666666667,0.03090760673540495,0.18463650780264937,0.3224847400037623,1
286,fitted,RAGTruth,1500,0.8786666666666667,0.07214603676269438,0.19511096044026455,0.33284950673950375,2.0659711424646567
Jev,native,RAGTruth,1500,0.7726666666666666,0.0771533333333333,0.33745373333333334,0.9345029555259393,
0,raw,JudgeBench,350,0.6914285714285714,0.060515077368199194,0.400282519279272,0.5978379138724493,1
0,fitted,JudgeBench,350,0.6914285714285714,0.03114479523920036,0.3935947305625992,0.5797142821704111,1.273257865016053
50,raw,JudgeBench,350,0.7742857142857142,0.0373996981082163,0.29311284412920235,0.44179438308003505,1
50,fitted,JudgeBench,350,0.7742857142857142,0.08943527424814295,0.31440842796641894,0.4752601670270416,2.3839924475693497
100,raw,JudgeBench,350,0.7742857142857142,0.04873001326104557,0.3001267240007883,0.4506954890497839,1
100,fitted,JudgeBench,350,0.7742857142857142,0.0700953438219388,0.3060505704740557,0.4670012656177286,2.0155883330892665
150,raw,JudgeBench,350,0.7857142857142857,0.07670100153434034,0.3188283577435975,0.4952824507280281,1
150,fitted,JudgeBench,350,0.7857142857142857,0.05501113877195161,0.3073292192424862,0.4667943464321545,2.178979953207672
200,raw,JudgeBench,350,0.7885714285714286,0.09211922183919768,0.3139948164498837,0.4931845028709938,1
200,fitted,JudgeBench,350,0.7885714285714286,0.08834975601743389,0.30480958852857004,0.4647788893640826,2.207568021892729
250,raw,JudgeBench,350,0.7885714285714286,0.06657551538525161,0.3021833790750944,0.4631875186917887,1
250,fitted,JudgeBench,350,0.7885714285714286,0.07045917529442494,0.29907578320353234,0.45720382256123915,2.000758882328426
286,raw,JudgeBench,350,0.7914285714285715,0.07970385503028563,0.3085867029853928,0.47927932776865606,1
286,fitted,JudgeBench,350,0.7914285714285715,0.07419676902252645,0.30176400653987345,0.4600564842855637,2.0659711424646567
Jev,native,JudgeBench,350,0.7857142857142857,0.040914285714285695,0.30316457142857145,0.470473228858025,
0,raw,BBH,750,0.7293333333333333,0.03804246944249177,0.35322047935836803,0.6124610114552461,1
0,fitted,BBH,750,0.7293333333333333,0.04599657787702768,0.35390506090536283,0.6225413043827401,1.273257865016053
50,raw,BBH,750,0.8,0.04037954424111205,0.271971418667945,0.49839773135763393,1
50,fitted,BBH,750,0.8,0.11249028044108532,0.29882923967987096,0.5393136703899986,2.3839924475693497
100,raw,BBH,750,0.82,0.039809402918182676,0.24877133012051048,0.45669162898099847,1
100,fitted,BBH,750,0.82,0.09267556470869077,0.2664655609098257,0.48343497347460357,2.0155883330892665
150,raw,BBH,750,0.828,0.0458232364015245,0.248265618882377,0.4644883774603495,1
150,fitted,BBH,750,0.828,0.07537546018722274,0.25304114625949453,0.4637599985140185,2.178979953207672
200,raw,BBH,750,0.828,0.056552966920366876,0.23838784343354832,0.45238040078815084,1
200,fitted,BBH,750,0.828,0.07598160753243094,0.24544098803457762,0.45257759692770516,2.207568021892729
250,raw,BBH,750,0.8293333333333334,0.04304318083864521,0.23677372552134682,0.4417343906084204,1
250,fitted,BBH,750,0.8293333333333334,0.07756908163815832,0.24679201817396054,0.4526612514594618,2.000758882328426
286,raw,BBH,750,0.828,0.04075670802364882,0.237530779077868,0.44771989153451053,1
286,fitted,BBH,750,0.828,0.07205545170299658,0.2455851018304793,0.4497693036710865,2.0659711424646567
Jev,native,BBH,750,0.9426666666666667,0.02068161616161611,0.09198230520695166,0.26819004894411325,
0,raw,JevBench public hard,101,0.7326732673267327,0.07730873099759102,0.31894313982717537,0.5572377459972874,1
0,fitted,JevBench public hard,101,0.7326732673267327,0.11861360440303614,0.32089781933696443,0.5738416914717378,1.273257865016053
50,raw,JevBench public hard,101,0.7326732673267327,0.10696929935915545,0.29873896730272287,0.5527204662457715,1
50,fitted,JevBench public hard,101,0.7326732673267327,0.09151211307095575,0.3152422418841796,0.5677596209009205,2.3839924475693497
100,raw,JevBench public hard,101,0.6732673267326733,0.12374864486175868,0.3455850090142511,0.5889524956068672,1
100,fitted,JevBench public hard,101,0.6732673267326733,0.11345369039795718,0.3273704760494577,0.5687246557574971,2.0155883330892665
150,raw,JevBench public hard,101,0.7227722772277227,0.13408706430765752,0.3573675013566218,0.6265904809435191,1
150,fitted,JevBench public hard,101,0.7227722772277227,0.05918109431073937,0.3201676173828128,0.5623320670242266,2.178979953207672
200,raw,JevBench public hard,101,0.7029702970297029,0.12514409087103395,0.35530597160316923,0.5954304335157552,1
200,fitted,JevBench public hard,101,0.7029702970297029,0.06910815837677986,0.3160386754828251,0.5416523509517271,2.207568021892729
250,raw,JevBench public hard,101,0.7227722772277227,0.10614322472162087,0.33393559200346745,0.553465719039761,1
250,fitted,JevBench public hard,101,0.7227722772277227,0.098391840127114,0.3065040482480906,0.5282534131291988,2.000758882328426
286,raw,JevBench public hard,101,0.7029702970297029,0.12431225783632951,0.3436185699224613,0.5733693662549493,1
286,fitted,JevBench public hard,101,0.7029702970297029,0.08603341243787826,0.3112116200786704,0.5323868848753771,2.0659711424646567
Jev,native,JevBench public hard,101,0.7326732673267327,0.09732673267326734,0.3545722772277228,0.6160242890623672,
0,raw,Overall,4700,0.6982978723404255,0.09017161711784452,0.4189888895165923,0.6947301664764982,1
0,fitted,Overall,4700,0.6982978723404255,0.06483419075645377,0.4083374660767397,0.6515979729616407,1.273257865016053
50,raw,Overall,4700,0.8202127659574469,0.05045153536981481,0.2613247578438673,0.49500812060018434,1
50,fitted,Overall,4700,0.8202127659574469,0.06738673264455655,0.2690180685707606,0.4480501772325853,2.3839924475693497
100,raw,Overall,4700,0.8321276595744681,0.04757388322292601,0.23944624126272188,0.409212230368984,1
100,fitted,Overall,4700,0.8321276595744681,0.05386601140790918,0.24193455915867867,0.4023850440051447,2.0155883330892665
150,raw,Overall,4700,0.8408510638297872,0.06708075963527621,0.23889908584573108,0.4354737784741648,1
150,fitted,Overall,4700,0.8408510638297872,0.03246380261666161,0.2292862678472232,0.3834889749427584,2.178979953207672
200,raw,Overall,4700,0.8459574468085106,0.058733322619939236,0.2240036017510722,0.4037125661937172,1
200,fitted,Overall,4700,0.8459574468085106,0.04281665204791417,0.22026712983921407,0.37154761685795246,2.207568021892729
250,raw,Overall,4700,0.845531914893617,0.046257785550889455,0.22507093492687996,0.3925649176045197,1
250,fitted,Overall,4700,0.845531914893617,0.051919028158899976,0.22642631905369298,0.38040596489456024,2.000758882328426
286,raw,Overall,4700,0.843404255319149,0.05156250074130331,0.22722261028689705,0.4021101223398625,1
286,fitted,Overall,4700,0.843404255319149,0.0440182936756638,0.2256379486357912,0.37855970279387136,2.0659711424646567
Jev,native,Overall,4700,0.8278723404255319,0.05273924349881791,0.25400450814615094,0.6524500324054918,
