step,loss,learning_rate,examples_seen,group_examples
1,0.30856577040799493,1.4285714285714285e-07,256,256
2,0.24233298594299413,2.857142857142857e-07,512,256
3,0.34500433821267507,4.285714285714285e-07,768,256
4,0.19249218638287857,5.714285714285714e-07,1024,256
5,0.23935657485594675,7.142857142857143e-07,1280,256
6,0.1746226225477585,8.57142857142857e-07,1536,256
7,0.21180692323832773,1e-06,1792,256
8,0.25857679099135567,1.1428571428571428e-06,2048,256
9,0.19704432713820097,1.2857142857142858e-06,2304,256
10,0.16833467061587726,1.4285714285714286e-06,2560,256
11,0.22501186783745197,1.5714285714285712e-06,2816,256
12,0.18343281535467781,1.714285714285714e-06,3072,256
13,0.21308194342418574,1.857142857142857e-06,3328,256
14,0.17522637174396216,2e-06,3584,256
15,0.18389517572709835,1.999939969823106e-06,3840,256
16,0.244277621663481,1.9997598873004737e-06,4096,256
17,0.2101933273110177,1.999459776455182e-06,4352,256
18,0.3007121702239024,1.999039677322135e-06,4608,256
19,0.15222938795924268,1.9984996459427234e-06,4864,256
20,0.2111027408233208,1.997839754357345e-06,5120,256
21,0.19741839442848863,1.997060090595797e-06,5376,256
22,0.16743516026305905,1.996160758665531e-06,5632,256
23,0.1867208687123032,1.9951418785377806e-06,5888,256
24,0.15625057661347252,1.9940035861315548e-06,6144,256
25,0.12165702119895627,1.9927460332955086e-06,6400,256
26,0.163680245500454,1.9913693877876844e-06,6656,256
27,0.16278605207544672,1.9898738332531346e-06,6912,256
28,0.13075617181740062,1.9882595691994206e-06,7168,256
29,0.14121507838899555,1.986526810970004e-06,7424,256
30,0.1755997598943384,1.9846757897155116e-06,7680,256
31,0.20551924591243864,1.9827067523629075e-06,7936,256
32,0.14965558358368902,1.980619961582548e-06,8192,256
33,0.14913818835237236,1.978415695753144e-06,8448,256
34,0.13027847169215787,1.9760942489246236e-06,8704,256
35,0.15976238680946153,1.973655930778906e-06,8960,256
36,0.13660470654068035,1.9711010665885904e-06,9216,256
37,0.20550233157936404,1.968429997173564e-06,9472,256
38,0.11663958900014748,1.9656430788555372e-06,9728,256
39,0.14867413020593645,1.9627406834105087e-06,9984,256
40,0.125100017251774,1.959723198019172e-06,10240,256
41,0.1455102065524677,1.9565910252152645e-06,10496,256
42,0.13392170824753347,1.953344582831869e-06,10752,256
43,0.12922237961068284,1.9499843039456766e-06,11008,256
44,0.1864391205050382,1.946510636819211e-06,11264,256
45,0.16658534602654385,1.942924044841032e-06,11520,256
46,0.16391643124675914,1.93922500646392e-06,11776,256
47,0.12764901293331388,1.9354140151410486e-06,12032,256
48,0.12291686903756727,1.9314915792601582e-06,12288,256
49,0.19097565071015854,1.927458222075737e-06,12544,256
50,0.13409947283924883,1.9233144816392187e-06,12800,256
51,0.13054081028889783,1.9190609107272073e-06,13056,256
52,0.1350921757515614,1.914698076767734e-06,13312,256
53,0.10507826220025093,1.9102265617645637e-06,13568,256
54,0.2456477090600283,1.9056469622195561e-06,13824,256
55,0.21046822026982823,1.9009598890530905e-06,14080,256
56,0.14129680121672716,1.8961659675225698e-06,14336,256
57,0.13798800453747262,1.8912658371390107e-06,14592,256
58,0.15272619873351764,1.8862601515817325e-06,14848,256
59,0.10199700544887758,1.8811495786111564e-06,15104,256
60,0.11798405779476795,1.8759347999797256e-06,15360,256
61,0.11245125406231438,1.8706165113409591e-06,15616,256
62,0.13564038034915127,1.8651954221566527e-06,15872,256
63,0.152743750961001,1.8596722556022337e-06,16128,256
64,0.12313660063918519,1.8540477484702923e-06,16384,256
65,0.12817364522746422,1.8483226510722907e-06,16640,256
66,0.17455524013590695,1.842497727138472e-06,16896,256
67,0.17645713577688182,1.836573753715979e-06,17152,256
68,0.14387290797417673,1.8305515210651952e-06,17408,256
69,0.15272625846686605,1.8244318325543226e-06,17664,256
70,0.09090206147827695,1.8182155045522156e-06,17920,256
71,0.1259217591221311,1.8119033663194723e-06,18176,256
72,0.16931856989028615,1.8054962598978143e-06,18432,256
73,0.09292848154612265,1.7989950399977571e-06,18688,256
74,0.19885056347378383,1.792400573884591e-06,18944,256
75,0.15372805538529022,1.7857137412626875e-06,19200,256
76,0.15705669398894795,1.7789354341581474e-06,19456,256
77,0.12681479105133509,1.7720665567998026e-06,19712,256
78,0.1722174114870434,1.765108025498593e-06,19968,256
79,0.14623735879820332,1.75806076852533e-06,20224,256
80,0.12695749308235005,1.7509257259868627e-06,20480,256
81,0.12620586492795383,1.7437038497006722e-06,20736,256
82,0.13669711610702606,1.7363961030678926e-06,20992,256
83,0.16529935072575874,1.7290034609447983e-06,21248,256
84,0.11450603551525429,1.7215269095127542e-06,21504,256
85,0.15306350202536656,1.7139674461466605e-06,21760,256
86,0.16618765141945424,1.7063260792819014e-06,22016,256
87,0.12020663117079522,1.698603828279821e-06,22272,256
88,0.10083756796835885,1.6908017232917382e-06,22528,256
89,0.10077866001677549,1.6829208051215255e-06,22784,256
90,0.12606929805807532,1.6749621250867652e-06,23040,256
91,0.11756754043759088,1.6669267448785018e-06,23296,256
92,0.11148879444346527,1.6588157364196142e-06,23552,256
93,0.14199033539259864,1.6506301817218188e-06,23808,256
94,0.084899095789023,1.6423711727413308e-06,24064,256
95,0.11360167557332446,1.634039811233194e-06,24320,256
96,0.11757247834192297,1.6256372086043091e-06,24576,256
97,0.19127202074609784,1.6171644857651693e-06,24832,256
98,0.13691763730914497,1.6086227729803326e-06,25088,256
99,0.1701176453359241,1.600013209717642e-06,25344,256
100,0.1512243070200876,1.591336944496221e-06,25600,256
101,0.2101939264553483,1.5825951347332606e-06,25856,256
102,0.16437103118708762,1.5737889465896203e-06,26112,256
103,0.12395515690283077,1.5649195548142592e-06,26368,256
104,0.1092048602771456,1.5559881425875274e-06,26624,256
105,0.18984415765359586,1.5469959013633266e-06,26880,256
106,0.16626512245080605,1.5379440307101708e-06,27136,256
107,0.19697991379922541,1.5288337381511633e-06,27392,256
108,0.11930094321764173,1.5196662390029132e-06,27648,256
109,0.10283682989847875,1.51044275621341e-06,27904,256
110,0.14488416625408718,1.5011645201988846e-06,28160,256
111,0.11513120723554948,1.4918327686796672e-06,28416,256
112,0.11387120847015808,1.4824487465150797e-06,28672,256
113,0.15805005250069648,1.4730137055373672e-06,28928,256
114,0.10319833121222644,1.4635289043847053e-06,29184,256
115,0.190285557424704,1.4539956083332966e-06,29440,256
116,0.13779205099736647,1.4444150891285808e-06,29696,256
117,0.17354149311085898,1.4347886248155867e-06,29952,256
118,0.14452530672959485,1.4251174995684376e-06,30208,256
119,0.18079577679777614,1.4154030035190434e-06,30464,256
120,0.10287965634534713,1.405646432584995e-06,30720,256
121,0.10130273880566154,1.3958490882966915e-06,30976,256
122,0.19574083715453838,1.3860122776237113e-06,31232,256
123,0.16631507572821214,1.3761373128004657e-06,31488,256
124,0.12583848615886728,1.3662255111511431e-06,31744,256
125,0.1773309705946744,1.3562781949139807e-06,32000,256
126,0.1194395945284139,1.3462966910648748e-06,32256,256
127,0.15239904494913858,1.3362823311403614e-06,32512,256
128,0.11604063310523571,1.3262364510599927e-06,32768,256
129,0.12843883854439042,1.3161603909481188e-06,33024,256
130,0.1067084960508069,1.3060554949551205e-06,33280,256
131,0.11897277001502005,1.2959231110780954e-06,33536,256
132,0.08535929689503519,1.2857645909810358e-06,33792,256
133,0.14924240927992827,1.2755812898145155e-06,34048,256
134,0.16472162457873196,1.2653745660349133e-06,34304,256
135,0.12126797562033431,1.2551457812231936e-06,34560,256
136,0.12245026211239285,1.2448962999032714e-06,34816,256
137,0.11402485409796981,1.234627489359984e-06,35072,256
138,0.1212821264968511,1.224340719456694e-06,35328,256
139,0.13611104371157978,1.2140373624525506e-06,35584,256
140,0.1243649322234468,1.203718792819428e-06,35840,256
141,0.13897385626212255,1.1933863870585716e-06,36096,256
142,0.0865474105825399,1.1830415235169716e-06,36352,256
143,0.1279022062474482,1.1726855822034916e-06,36608,256
144,0.13950418854280144,1.1623199446047726e-06,36864,256
145,0.1221484703636122,1.1519459935009455e-06,37120,256
146,0.09664238210152476,1.1415651127811654e-06,37376,256
147,0.11240204424438893,1.1311786872590017e-06,37632,256
148,0.09196065029261113,1.120788102487701e-06,37888,256
149,0.1255807127522779,1.110394744575357e-06,38144,256
150,0.13292106210145427,1.1e-06,38400,256
151,0.07881011818251782,1.0896052554246433e-06,38656,256
152,0.12956330722414222,1.0792118975122991e-06,38912,256
153,0.1716676060725728,1.0688213127409985e-06,39168,256
154,0.09086339102586916,1.0584348872188345e-06,39424,256
155,0.13533039117157708,1.0480540064990547e-06,39680,256
156,0.13715164323117968,1.0376800553952277e-06,39936,256
157,0.11938850599717998,1.0273144177965085e-06,40192,256
158,0.18726537460772796,1.0169584764830283e-06,40448,256
159,0.11172155024025354,1.0066136129414285e-06,40704,256
160,0.14171616342372761,9.962812071805722e-07,40960,256
161,0.1189827702029902,9.859626375474495e-07,41216,256
162,0.1429156327476626,9.75659280543306e-07,41472,256
163,0.10100790621663158,9.65372510640016e-07,41728,256
164,0.08577588710521411,9.551037000967285e-07,41984,256
165,0.1702884247299199,9.448542187768065e-07,42240,256
166,0.12319823617368542,9.346254339650867e-07,42496,256
167,0.12312122762173949,9.244187101854845e-07,42752,256
168,0.08764653525321009,9.142354090189641e-07,43008,256
169,0.13143522082529557,9.040768889219046e-07,43264,256
170,0.12005426638100403,8.939445050448793e-07,43520,256
171,0.07545356281123361,8.838396090518814e-07,43776,256
172,0.1364758822513843,8.737635489400074e-07,44032,256
173,0.14005735902311223,8.637176688596386e-07,44288,256
174,0.1342227233445934,8.537033089351255e-07,44544,256
175,0.07347107960402255,8.437218050860191e-07,44800,256
176,0.12534545807369213,8.337744888488569e-07,45056,256
177,0.09939405186604944,8.238626871995344e-07,45312,256
178,0.1072661907676018,8.139877223762888e-07,45568,256
179,0.1408052052525628,8.041509117033087e-07,45824,256
180,0.10001188764344704,7.943535674150048e-07,46080,256
181,0.1474809547071212,7.845969964809567e-07,46336,256
182,0.060579657113784435,7.748825004315625e-07,46592,256
183,0.12138828437177906,7.652113751844131e-07,46848,256
184,0.093855273304011,7.555849108714191e-07,47104,256
185,0.12411309473897525,7.460043916667036e-07,47360,256
186,0.1098951507599355,7.364710956152946e-07,47616,256
187,0.16474282577063093,7.269862944626328e-07,47872,256
188,0.15091478178073636,7.175512534849207e-07,48128,256
189,0.09988350082129926,7.08167231320333e-07,48384,256
190,0.0811708502929065,6.98835479801116e-07,48640,256
191,0.14165918462483518,6.895572437865896e-07,48896,256
192,0.14416943988136488,6.803337609970866e-07,49152,256
193,0.07952912801004786,6.711662618488365e-07,49408,256
194,0.1294634322573618,6.620559692898294e-07,49664,256
195,0.11664015567641606,6.530040986366735e-07,49920,256
196,0.11542185672976046,6.440118574124727e-07,50176,256
197,0.10408685103763826,6.350804451857407e-07,50432,256
198,0.12315277871365904,6.262110534103801e-07,50688,256
199,0.13168733387449816,6.174048652667392e-07,50944,256
200,0.09975968808253377,6.086630555037792e-07,51200,256
201,0.16417203586932416,5.999867902823579e-07,51456,256
202,0.11693262569495655,5.913772270196673e-07,51712,256
203,0.14370322680070968,5.828355142348307e-07,51968,256
204,0.09767385132508011,5.743627913956909e-07,52224,256
205,0.10537629713074637,5.65960188766806e-07,52480,256
206,0.1783310898948649,5.576288272586693e-07,52736,256
207,0.13314928034355056,5.493698182781812e-07,52992,256
208,0.09014784664665143,5.411842635803858e-07,53248,256
209,0.10731397842576484,5.330732551214983e-07,53504,256
210,0.11994799171461068,5.25037874913235e-07,53760,256
211,0.08803883927291878,5.170791948784745e-07,54016,256
212,0.11091650754696403,5.091982767082618e-07,54272,256
213,0.08340406080197837,5.013961717201789e-07,54528,256
214,0.11478249612843427,4.936739207180985e-07,54784,256
215,0.13896030534359483,4.860325538533397e-07,55040,256
216,0.09789703104122438,4.784730904872459e-07,55296,256
217,0.12986635581941108,4.709965390552015e-07,55552,256
218,0.13200483841617228,4.636038969321073e-07,55808,256
219,0.09994404964911041,4.5629615029932804e-07,56064,256
220,0.15971019171015755,4.4907427401313735e-07,56320,256
221,0.10823567941796064,4.419392314746703e-07,56576,256
222,0.09772977138332806,4.3489197450140657e-07,56832,256
223,0.1380889377537713,4.279334432001972e-07,57088,256
224,0.16542853273170444,4.2106456584185247e-07,57344,256
225,0.08574741464331304,4.1428625873731245e-07,57600,256
226,0.1016363300255918,4.07599426115409e-07,57856,256
227,0.1282924977262958,4.010049600022429e-07,58112,256
228,0.13995853809632308,3.945037401021859e-07,58368,256
229,0.14887690718516922,3.8809663368052803e-07,58624,256
230,0.1072143054343293,3.8178449544778447e-07,58880,256
231,0.0848955087104244,3.7556816744567723e-07,59136,256
232,0.1174452225772491,3.6944847893480515e-07,59392,256
233,0.16487836998779137,3.6342624628402085e-07,59648,256
234,0.09776166052929902,3.575022728615278e-07,59904,256
235,0.14789272414131105,3.516773489277092e-07,60160,256
236,0.1271667688998166,3.459522515297076e-07,60416,256
237,0.1199388978680318,3.403277443977662e-07,60672,256
238,0.12812372956882712,3.348045778433474e-07,60928,256
239,0.07050693429942712,3.2938348865904066e-07,61184,256
240,0.09202909392954073,3.240652000202745e-07,61440,256
241,0.14896641321890947,3.188504213888437e-07,61696,256
242,0.15016449958203282,3.1373984841826755e-07,61952,256
243,0.11862204159809409,3.087341628609893e-07,62208,256
244,0.1350733898279941,3.038340324774301e-07,62464,256
245,0.13149693993972278,2.990401109469095e-07,62720,256
246,0.11438751627976274,2.94353037780444e-07,62976,256
247,0.11093155558554546,2.897734382354362e-07,63232,256
248,0.0993306575284496,2.853019232322661e-07,63488,256
249,0.15225242353900192,2.8093908927279273e-07,63744,256
250,0.11168248255476954,2.766855183607812e-07,64000,256
251,0.0969443527009961,2.725417779242633e-07,64256,256
252,0.09529383411092951,2.6850842073984193e-07,64512,256
253,0.10993143041195985,2.6458598485895145e-07,64768,256
254,0.1200631264228873,2.607749935360798e-07,65024,256
255,0.11310245040399636,2.570759551589679e-07,65280,256
256,0.11066952342765646,2.5348936318078907e-07,65536,256
257,0.09945189384038677,2.500156960543233e-07,65792,256
258,0.10916472737324057,2.4665541716813076e-07,66048,256
259,0.18712940479069928,2.4340897478473565e-07,66304,256
260,0.10566767513434527,2.40276801980828e-07,66560,256
261,0.09620832641958543,2.372593165894913e-07,66816,256
262,0.058875449815452896,2.3435692114446286e-07,67072,256
263,0.11999283875175504,2.3157000282643597e-07,67328,256
264,0.11626706052851166,2.2889893341140984e-07,67584,256
265,0.09819058694730476,2.263440692210941e-07,67840,256
266,0.08763379341953481,2.2390575107537642e-07,68096,256
267,0.09367226489565894,2.2158430424685592e-07,68352,256
268,0.12135239536805109,2.1938003841745198e-07,68608,256
269,0.1393558797757919,2.172932476370926e-07,68864,256
270,0.13362117396922457,2.1532421028448837e-07,69120,256
271,0.13353830636478392,2.134731890299962e-07,69376,256
272,0.13069799897200784,2.11740430800579e-07,69632,256
273,0.12113219405070907,2.101261667468655e-07,69888,256
274,0.08169150307559381,2.0863061221231543e-07,70144,256
275,0.08150879498928454,2.072539667044913e-07,70400,256
276,0.040703506510425314,2.0599641386844502e-07,70656,256
277,0.10086261246617845,2.0485812146221943e-07,70912,256
278,0.10624981690358482,2.0383924133446888e-07,71168,256
279,0.12921558581468418,2.0293990940420301e-07,71424,256
280,0.12623210059074808,2.0216024564265477e-07,71680,256
281,0.08542535724881972,2.0150035405727633e-07,71936,256
282,0.11656417238012295,2.0096032267786485e-07,72192,256
283,0.14434094817697218,2.005402235448183e-07,72448,256
284,0.1050661049637398,2.0024011269952648e-07,72704,256
285,0.0826880433564332,2.0006003017689387e-07,72960,256
286,0.1301794968545437,2e-07,73000,40
